File Name,Binding Energy,PDBQT Path
ligand_100_receptor.dpf.dlg,4170.0,C:/Users/yhalias/Downloads/docking-project-py/Docking/pdqbt_files\ligand_100_receptor.dpf.pdbqt
ligand_101_receptor.dpf.dlg,5830.0,C:/Users/yhalias/Downloads/docking-project-py/Docking/pdqbt_files\ligand_101_receptor.dpf.pdbqt
ligand_102_receptor.dpf.dlg,5830.0,C:/Users/yhalias/Downloads/docking-project-py/Docking/pdqbt_files\ligand_102_receptor.dpf.pdbqt
ligand_103_receptor.dpf.dlg,452.79,C:/Users/yhalias/Downloads/docking-project-py/Docking/pdqbt_files\ligand_103_receptor.dpf.pdbqt
ligand_104_receptor.dpf.dlg,-8.92,C:/Users/yhalias/Downloads/docking-project-py/Docking/pdqbt_files\ligand_104_receptor.dpf.pdbqt
ligand_105_receptor.dpf.dlg,1.96,C:/Users/yhalias/Downloads/docking-project-py/Docking/pdqbt_files\ligand_105_receptor.dpf.pdbqt
ligand_106_receptor.dpf.dlg,1830000.0,C:/Users/yhalias/Downloads/docking-project-py/Docking/pdqbt_files\ligand_106_receptor.dpf.pdbqt
ligand_107_receptor.dpf.dlg,675.77,C:/Users/yhalias/Downloads/docking-project-py/Docking/pdqbt_files\ligand_107_receptor.dpf.pdbqt
ligand_108_receptor.dpf.dlg,755.14,C:/Users/yhalias/Downloads/docking-project-py/Docking/pdqbt_files\ligand_108_receptor.dpf.pdbqt
ligand_109_receptor.dpf.dlg,2.22,C:/Users/yhalias/Downloads/docking-project-py/Docking/pdqbt_files\ligand_109_receptor.dpf.pdbqt
ligand_10_receptor.dpf.dlg,-4.49,C:/Users/yhalias/Downloads/docking-project-py/Docking/pdqbt_files\ligand_10_receptor.dpf.pdbqt
ligand_111_receptor.dpf.dlg,-11.13,C:/Users/yhalias/Downloads/docking-project-py/Docking/pdqbt_files\ligand_111_receptor.dpf.pdbqt
ligand_112_receptor.dpf.dlg,10.9,C:/Users/yhalias/Downloads/docking-project-py/Docking/pdqbt_files\ligand_112_receptor.dpf.pdbqt
ligand_113_receptor.dpf.dlg,50.95,C:/Users/yhalias/Downloads/docking-project-py/Docking/pdqbt_files\ligand_113_receptor.dpf.pdbqt
ligand_114_receptor.dpf.dlg,60.13,C:/Users/yhalias/Downloads/docking-project-py/Docking/pdqbt_files\ligand_114_receptor.dpf.pdbqt
ligand_115_receptor.dpf.dlg,-9.83,C:/Users/yhalias/Downloads/docking-project-py/Docking/pdqbt_files\ligand_115_receptor.dpf.pdbqt
ligand_117_receptor.dpf.dlg,96.42,C:/Users/yhalias/Downloads/docking-project-py/Docking/pdqbt_files\ligand_117_receptor.dpf.pdbqt
ligand_118_receptor.dpf.dlg,10.14,C:/Users/yhalias/Downloads/docking-project-py/Docking/pdqbt_files\ligand_118_receptor.dpf.pdbqt
ligand_119_receptor.dpf.dlg,2480.0,C:/Users/yhalias/Downloads/docking-project-py/Docking/pdqbt_files\ligand_119_receptor.dpf.pdbqt
ligand_11_receptor.dpf.dlg,9440.0,C:/Users/yhalias/Downloads/docking-project-py/Docking/pdqbt_files\ligand_11_receptor.dpf.pdbqt
ligand_120_receptor.dpf.dlg,33700.0,C:/Users/yhalias/Downloads/docking-project-py/Docking/pdqbt_files\ligand_120_receptor.dpf.pdbqt
ligand_121_receptor.dpf.dlg,-10.77,C:/Users/yhalias/Downloads/docking-project-py/Docking/pdqbt_files\ligand_121_receptor.dpf.pdbqt
ligand_122_receptor.dpf.dlg,1410.0,C:/Users/yhalias/Downloads/docking-project-py/Docking/pdqbt_files\ligand_122_receptor.dpf.pdbqt
ligand_123_receptor.dpf.dlg,91.56,C:/Users/yhalias/Downloads/docking-project-py/Docking/pdqbt_files\ligand_123_receptor.dpf.pdbqt
ligand_124_receptor.dpf.dlg,43.88,C:/Users/yhalias/Downloads/docking-project-py/Docking/pdqbt_files\ligand_124_receptor.dpf.pdbqt
ligand_125_receptor.dpf.dlg,126.4,C:/Users/yhalias/Downloads/docking-project-py/Docking/pdqbt_files\ligand_125_receptor.dpf.pdbqt
ligand_126_receptor.dpf.dlg,-9.42,C:/Users/yhalias/Downloads/docking-project-py/Docking/pdqbt_files\ligand_126_receptor.dpf.pdbqt
ligand_127_receptor.dpf.dlg,184000.0,C:/Users/yhalias/Downloads/docking-project-py/Docking/pdqbt_files\ligand_127_receptor.dpf.pdbqt
ligand_128_receptor.dpf.dlg,19000.0,C:/Users/yhalias/Downloads/docking-project-py/Docking/pdqbt_files\ligand_128_receptor.dpf.pdbqt
ligand_129_receptor.dpf.dlg,240.04,C:/Users/yhalias/Downloads/docking-project-py/Docking/pdqbt_files\ligand_129_receptor.dpf.pdbqt
ligand_12_receptor.dpf.dlg,-9.05,C:/Users/yhalias/Downloads/docking-project-py/Docking/pdqbt_files\ligand_12_receptor.dpf.pdbqt
ligand_130_receptor.dpf.dlg,11700.0,C:/Users/yhalias/Downloads/docking-project-py/Docking/pdqbt_files\ligand_130_receptor.dpf.pdbqt
ligand_131_receptor.dpf.dlg,348.78,C:/Users/yhalias/Downloads/docking-project-py/Docking/pdqbt_files\ligand_131_receptor.dpf.pdbqt
ligand_132_receptor.dpf.dlg,118000.0,C:/Users/yhalias/Downloads/docking-project-py/Docking/pdqbt_files\ligand_132_receptor.dpf.pdbqt
ligand_133_receptor.dpf.dlg,19200.0,C:/Users/yhalias/Downloads/docking-project-py/Docking/pdqbt_files\ligand_133_receptor.dpf.pdbqt
ligand_134_receptor.dpf.dlg,1170000.0,C:/Users/yhalias/Downloads/docking-project-py/Docking/pdqbt_files\ligand_134_receptor.dpf.pdbqt
ligand_135_receptor.dpf.dlg,192.8,C:/Users/yhalias/Downloads/docking-project-py/Docking/pdqbt_files\ligand_135_receptor.dpf.pdbqt
ligand_136_receptor.dpf.dlg,21.77,C:/Users/yhalias/Downloads/docking-project-py/Docking/pdqbt_files\ligand_136_receptor.dpf.pdbqt
ligand_137_receptor.dpf.dlg,20.25,C:/Users/yhalias/Downloads/docking-project-py/Docking/pdqbt_files\ligand_137_receptor.dpf.pdbqt
ligand_138_receptor.dpf.dlg,257.5,C:/Users/yhalias/Downloads/docking-project-py/Docking/pdqbt_files\ligand_138_receptor.dpf.pdbqt
ligand_139_receptor.dpf.dlg,4.2,C:/Users/yhalias/Downloads/docking-project-py/Docking/pdqbt_files\ligand_139_receptor.dpf.pdbqt
ligand_13_receptor.dpf.dlg,3250.0,C:/Users/yhalias/Downloads/docking-project-py/Docking/pdqbt_files\ligand_13_receptor.dpf.pdbqt
ligand_141_receptor.dpf.dlg,-3.78,C:/Users/yhalias/Downloads/docking-project-py/Docking/pdqbt_files\ligand_141_receptor.dpf.pdbqt
ligand_142_receptor.dpf.dlg,2940000.0,C:/Users/yhalias/Downloads/docking-project-py/Docking/pdqbt_files\ligand_142_receptor.dpf.pdbqt
ligand_144_receptor.dpf.dlg,41200.0,C:/Users/yhalias/Downloads/docking-project-py/Docking/pdqbt_files\ligand_144_receptor.dpf.pdbqt
ligand_145_receptor.dpf.dlg,10200.0,C:/Users/yhalias/Downloads/docking-project-py/Docking/pdqbt_files\ligand_145_receptor.dpf.pdbqt
ligand_146_receptor.dpf.dlg,674000.0,C:/Users/yhalias/Downloads/docking-project-py/Docking/pdqbt_files\ligand_146_receptor.dpf.pdbqt
ligand_147_receptor.dpf.dlg,38.28,C:/Users/yhalias/Downloads/docking-project-py/Docking/pdqbt_files\ligand_147_receptor.dpf.pdbqt
ligand_148_receptor.dpf.dlg,337.44,C:/Users/yhalias/Downloads/docking-project-py/Docking/pdqbt_files\ligand_148_receptor.dpf.pdbqt
ligand_149_receptor.dpf.dlg,5770.0,C:/Users/yhalias/Downloads/docking-project-py/Docking/pdqbt_files\ligand_149_receptor.dpf.pdbqt
ligand_150_receptor.dpf.dlg,-6.3,C:/Users/yhalias/Downloads/docking-project-py/Docking/pdqbt_files\ligand_150_receptor.dpf.pdbqt
ligand_151_receptor.dpf.dlg,604.94,C:/Users/yhalias/Downloads/docking-project-py/Docking/pdqbt_files\ligand_151_receptor.dpf.pdbqt
ligand_152_receptor.dpf.dlg,40400.0,C:/Users/yhalias/Downloads/docking-project-py/Docking/pdqbt_files\ligand_152_receptor.dpf.pdbqt
ligand_153_receptor.dpf.dlg,3030.0,C:/Users/yhalias/Downloads/docking-project-py/Docking/pdqbt_files\ligand_153_receptor.dpf.pdbqt
ligand_154_receptor.dpf.dlg,205000.0,C:/Users/yhalias/Downloads/docking-project-py/Docking/pdqbt_files\ligand_154_receptor.dpf.pdbqt
ligand_155_receptor.dpf.dlg,4170.0,C:/Users/yhalias/Downloads/docking-project-py/Docking/pdqbt_files\ligand_155_receptor.dpf.pdbqt
ligand_156_receptor.dpf.dlg,1.97,C:/Users/yhalias/Downloads/docking-project-py/Docking/pdqbt_files\ligand_156_receptor.dpf.pdbqt
ligand_157_receptor.dpf.dlg,19300.0,C:/Users/yhalias/Downloads/docking-project-py/Docking/pdqbt_files\ligand_157_receptor.dpf.pdbqt
ligand_158_receptor.dpf.dlg,282.86,C:/Users/yhalias/Downloads/docking-project-py/Docking/pdqbt_files\ligand_158_receptor.dpf.pdbqt
ligand_159_receptor.dpf.dlg,20100.0,C:/Users/yhalias/Downloads/docking-project-py/Docking/pdqbt_files\ligand_159_receptor.dpf.pdbqt
ligand_160_receptor.dpf.dlg,-8.93,C:/Users/yhalias/Downloads/docking-project-py/Docking/pdqbt_files\ligand_160_receptor.dpf.pdbqt
ligand_161_receptor.dpf.dlg,14.66,C:/Users/yhalias/Downloads/docking-project-py/Docking/pdqbt_files\ligand_161_receptor.dpf.pdbqt
ligand_163_receptor.dpf.dlg,-8.02,C:/Users/yhalias/Downloads/docking-project-py/Docking/pdqbt_files\ligand_163_receptor.dpf.pdbqt
ligand_164_receptor.dpf.dlg,-10.1,C:/Users/yhalias/Downloads/docking-project-py/Docking/pdqbt_files\ligand_164_receptor.dpf.pdbqt
ligand_165_receptor.dpf.dlg,1870.0,C:/Users/yhalias/Downloads/docking-project-py/Docking/pdqbt_files\ligand_165_receptor.dpf.pdbqt
ligand_166_receptor.dpf.dlg,2920.0,C:/Users/yhalias/Downloads/docking-project-py/Docking/pdqbt_files\ligand_166_receptor.dpf.pdbqt
ligand_167_receptor.dpf.dlg,-8.85,C:/Users/yhalias/Downloads/docking-project-py/Docking/pdqbt_files\ligand_167_receptor.dpf.pdbqt
ligand_168_receptor.dpf.dlg,11700.0,C:/Users/yhalias/Downloads/docking-project-py/Docking/pdqbt_files\ligand_168_receptor.dpf.pdbqt
ligand_169_receptor.dpf.dlg,16500.0,C:/Users/yhalias/Downloads/docking-project-py/Docking/pdqbt_files\ligand_169_receptor.dpf.pdbqt
ligand_16_receptor.dpf.dlg,16700000.0,C:/Users/yhalias/Downloads/docking-project-py/Docking/pdqbt_files\ligand_16_receptor.dpf.pdbqt
ligand_170_receptor.dpf.dlg,12900.0,C:/Users/yhalias/Downloads/docking-project-py/Docking/pdqbt_files\ligand_170_receptor.dpf.pdbqt
ligand_171_receptor.dpf.dlg,-5.73,C:/Users/yhalias/Downloads/docking-project-py/Docking/pdqbt_files\ligand_171_receptor.dpf.pdbqt
ligand_172_receptor.dpf.dlg,120.45,C:/Users/yhalias/Downloads/docking-project-py/Docking/pdqbt_files\ligand_172_receptor.dpf.pdbqt
ligand_173_receptor.dpf.dlg,-5.32,C:/Users/yhalias/Downloads/docking-project-py/Docking/pdqbt_files\ligand_173_receptor.dpf.pdbqt
ligand_174_receptor.dpf.dlg,974000.0,C:/Users/yhalias/Downloads/docking-project-py/Docking/pdqbt_files\ligand_174_receptor.dpf.pdbqt
ligand_175_receptor.dpf.dlg,1540.0,C:/Users/yhalias/Downloads/docking-project-py/Docking/pdqbt_files\ligand_175_receptor.dpf.pdbqt
ligand_176_receptor.dpf.dlg,-9.74,C:/Users/yhalias/Downloads/docking-project-py/Docking/pdqbt_files\ligand_176_receptor.dpf.pdbqt
ligand_177_receptor.dpf.dlg,1220.0,C:/Users/yhalias/Downloads/docking-project-py/Docking/pdqbt_files\ligand_177_receptor.dpf.pdbqt
ligand_178_receptor.dpf.dlg,32600.0,C:/Users/yhalias/Downloads/docking-project-py/Docking/pdqbt_files\ligand_178_receptor.dpf.pdbqt
ligand_179_receptor.dpf.dlg,32400.0,C:/Users/yhalias/Downloads/docking-project-py/Docking/pdqbt_files\ligand_179_receptor.dpf.pdbqt
ligand_17_receptor.dpf.dlg,59400.0,C:/Users/yhalias/Downloads/docking-project-py/Docking/pdqbt_files\ligand_17_receptor.dpf.pdbqt
ligand_180_receptor.dpf.dlg,15.0,C:/Users/yhalias/Downloads/docking-project-py/Docking/pdqbt_files\ligand_180_receptor.dpf.pdbqt
ligand_181_receptor.dpf.dlg,135.31,C:/Users/yhalias/Downloads/docking-project-py/Docking/pdqbt_files\ligand_181_receptor.dpf.pdbqt
ligand_182_receptor.dpf.dlg,13000.0,C:/Users/yhalias/Downloads/docking-project-py/Docking/pdqbt_files\ligand_182_receptor.dpf.pdbqt
ligand_183_receptor.dpf.dlg,898000.0,C:/Users/yhalias/Downloads/docking-project-py/Docking/pdqbt_files\ligand_183_receptor.dpf.pdbqt
ligand_184_receptor.dpf.dlg,1000.0,C:/Users/yhalias/Downloads/docking-project-py/Docking/pdqbt_files\ligand_184_receptor.dpf.pdbqt
ligand_185_receptor.dpf.dlg,7.73,C:/Users/yhalias/Downloads/docking-project-py/Docking/pdqbt_files\ligand_185_receptor.dpf.pdbqt
ligand_186_receptor.dpf.dlg,6160.0,C:/Users/yhalias/Downloads/docking-project-py/Docking/pdqbt_files\ligand_186_receptor.dpf.pdbqt
ligand_187_receptor.dpf.dlg,144.87,C:/Users/yhalias/Downloads/docking-project-py/Docking/pdqbt_files\ligand_187_receptor.dpf.pdbqt
ligand_189_receptor.dpf.dlg,605.08,C:/Users/yhalias/Downloads/docking-project-py/Docking/pdqbt_files\ligand_189_receptor.dpf.pdbqt
ligand_190_receptor.dpf.dlg,-8.59,C:/Users/yhalias/Downloads/docking-project-py/Docking/pdqbt_files\ligand_190_receptor.dpf.pdbqt
ligand_191_receptor.dpf.dlg,223.07,C:/Users/yhalias/Downloads/docking-project-py/Docking/pdqbt_files\ligand_191_receptor.dpf.pdbqt
ligand_192_receptor.dpf.dlg,-2.03,C:/Users/yhalias/Downloads/docking-project-py/Docking/pdqbt_files\ligand_192_receptor.dpf.pdbqt
ligand_193_receptor.dpf.dlg,-5.02,C:/Users/yhalias/Downloads/docking-project-py/Docking/pdqbt_files\ligand_193_receptor.dpf.pdbqt
ligand_194_receptor.dpf.dlg,7760.0,C:/Users/yhalias/Downloads/docking-project-py/Docking/pdqbt_files\ligand_194_receptor.dpf.pdbqt
ligand_195_receptor.dpf.dlg,973.92,C:/Users/yhalias/Downloads/docking-project-py/Docking/pdqbt_files\ligand_195_receptor.dpf.pdbqt
ligand_196_receptor.dpf.dlg,540.66,C:/Users/yhalias/Downloads/docking-project-py/Docking/pdqbt_files\ligand_196_receptor.dpf.pdbqt
ligand_197_receptor.dpf.dlg,4520.0,C:/Users/yhalias/Downloads/docking-project-py/Docking/pdqbt_files\ligand_197_receptor.dpf.pdbqt
ligand_198_receptor.dpf.dlg,4500.0,C:/Users/yhalias/Downloads/docking-project-py/Docking/pdqbt_files\ligand_198_receptor.dpf.pdbqt
ligand_199_receptor.dpf.dlg,58300.0,C:/Users/yhalias/Downloads/docking-project-py/Docking/pdqbt_files\ligand_199_receptor.dpf.pdbqt
ligand_19_receptor.dpf.dlg,226.87,C:/Users/yhalias/Downloads/docking-project-py/Docking/pdqbt_files\ligand_19_receptor.dpf.pdbqt
ligand_1_receptor.dpf.dlg,850000.0,C:/Users/yhalias/Downloads/docking-project-py/Docking/pdqbt_files\ligand_1_receptor.dpf.pdbqt
ligand_200_receptor.dpf.dlg,2580.0,C:/Users/yhalias/Downloads/docking-project-py/Docking/pdqbt_files\ligand_200_receptor.dpf.pdbqt
ligand_201_receptor.dpf.dlg,24.54,C:/Users/yhalias/Downloads/docking-project-py/Docking/pdqbt_files\ligand_201_receptor.dpf.pdbqt
ligand_203_receptor.dpf.dlg,11.33,C:/Users/yhalias/Downloads/docking-project-py/Docking/pdqbt_files\ligand_203_receptor.dpf.pdbqt
ligand_204_receptor.dpf.dlg,10400.0,C:/Users/yhalias/Downloads/docking-project-py/Docking/pdqbt_files\ligand_204_receptor.dpf.pdbqt
ligand_205_receptor.dpf.dlg,284.48,C:/Users/yhalias/Downloads/docking-project-py/Docking/pdqbt_files\ligand_205_receptor.dpf.pdbqt
ligand_206_receptor.dpf.dlg,-10.09,C:/Users/yhalias/Downloads/docking-project-py/Docking/pdqbt_files\ligand_206_receptor.dpf.pdbqt
ligand_207_receptor.dpf.dlg,0.8,C:/Users/yhalias/Downloads/docking-project-py/Docking/pdqbt_files\ligand_207_receptor.dpf.pdbqt
ligand_208_receptor.dpf.dlg,-8.74,C:/Users/yhalias/Downloads/docking-project-py/Docking/pdqbt_files\ligand_208_receptor.dpf.pdbqt
ligand_209_receptor.dpf.dlg,2830.0,C:/Users/yhalias/Downloads/docking-project-py/Docking/pdqbt_files\ligand_209_receptor.dpf.pdbqt
ligand_20_receptor.dpf.dlg,13800.0,C:/Users/yhalias/Downloads/docking-project-py/Docking/pdqbt_files\ligand_20_receptor.dpf.pdbqt
ligand_210_receptor.dpf.dlg,2.26,C:/Users/yhalias/Downloads/docking-project-py/Docking/pdqbt_files\ligand_210_receptor.dpf.pdbqt
ligand_211_receptor.dpf.dlg,7660000.0,C:/Users/yhalias/Downloads/docking-project-py/Docking/pdqbt_files\ligand_211_receptor.dpf.pdbqt
ligand_212_receptor.dpf.dlg,2210.0,C:/Users/yhalias/Downloads/docking-project-py/Docking/pdqbt_files\ligand_212_receptor.dpf.pdbqt
ligand_214_receptor.dpf.dlg,69.21,C:/Users/yhalias/Downloads/docking-project-py/Docking/pdqbt_files\ligand_214_receptor.dpf.pdbqt
ligand_215_receptor.dpf.dlg,62.11,C:/Users/yhalias/Downloads/docking-project-py/Docking/pdqbt_files\ligand_215_receptor.dpf.pdbqt
ligand_216_receptor.dpf.dlg,28.68,C:/Users/yhalias/Downloads/docking-project-py/Docking/pdqbt_files\ligand_216_receptor.dpf.pdbqt
ligand_217_receptor.dpf.dlg,7550.0,C:/Users/yhalias/Downloads/docking-project-py/Docking/pdqbt_files\ligand_217_receptor.dpf.pdbqt
ligand_218_receptor.dpf.dlg,769.17,C:/Users/yhalias/Downloads/docking-project-py/Docking/pdqbt_files\ligand_218_receptor.dpf.pdbqt
ligand_219_receptor.dpf.dlg,-7.24,C:/Users/yhalias/Downloads/docking-project-py/Docking/pdqbt_files\ligand_219_receptor.dpf.pdbqt
ligand_21_receptor.dpf.dlg,-6.91,C:/Users/yhalias/Downloads/docking-project-py/Docking/pdqbt_files\ligand_21_receptor.dpf.pdbqt
ligand_220_receptor.dpf.dlg,85.56,C:/Users/yhalias/Downloads/docking-project-py/Docking/pdqbt_files\ligand_220_receptor.dpf.pdbqt
ligand_221_receptor.dpf.dlg,2350.0,C:/Users/yhalias/Downloads/docking-project-py/Docking/pdqbt_files\ligand_221_receptor.dpf.pdbqt
ligand_222_receptor.dpf.dlg,210.13,C:/Users/yhalias/Downloads/docking-project-py/Docking/pdqbt_files\ligand_222_receptor.dpf.pdbqt
ligand_223_receptor.dpf.dlg,30300000.0,C:/Users/yhalias/Downloads/docking-project-py/Docking/pdqbt_files\ligand_223_receptor.dpf.pdbqt
ligand_224_receptor.dpf.dlg,7.28,C:/Users/yhalias/Downloads/docking-project-py/Docking/pdqbt_files\ligand_224_receptor.dpf.pdbqt
ligand_225_receptor.dpf.dlg,13200.0,C:/Users/yhalias/Downloads/docking-project-py/Docking/pdqbt_files\ligand_225_receptor.dpf.pdbqt
ligand_228_receptor.dpf.dlg,52.39,C:/Users/yhalias/Downloads/docking-project-py/Docking/pdqbt_files\ligand_228_receptor.dpf.pdbqt
ligand_229_receptor.dpf.dlg,17000000.0,C:/Users/yhalias/Downloads/docking-project-py/Docking/pdqbt_files\ligand_229_receptor.dpf.pdbqt
ligand_22_receptor.dpf.dlg,-12.09,C:/Users/yhalias/Downloads/docking-project-py/Docking/pdqbt_files\ligand_22_receptor.dpf.pdbqt
ligand_230_receptor.dpf.dlg,-12.01,C:/Users/yhalias/Downloads/docking-project-py/Docking/pdqbt_files\ligand_230_receptor.dpf.pdbqt
ligand_231_receptor.dpf.dlg,-10.25,C:/Users/yhalias/Downloads/docking-project-py/Docking/pdqbt_files\ligand_231_receptor.dpf.pdbqt
ligand_232_receptor.dpf.dlg,2300000.0,C:/Users/yhalias/Downloads/docking-project-py/Docking/pdqbt_files\ligand_232_receptor.dpf.pdbqt
ligand_233_receptor.dpf.dlg,1250.0,C:/Users/yhalias/Downloads/docking-project-py/Docking/pdqbt_files\ligand_233_receptor.dpf.pdbqt
ligand_234_receptor.dpf.dlg,62500.0,C:/Users/yhalias/Downloads/docking-project-py/Docking/pdqbt_files\ligand_234_receptor.dpf.pdbqt
ligand_235_receptor.dpf.dlg,-12.22,C:/Users/yhalias/Downloads/docking-project-py/Docking/pdqbt_files\ligand_235_receptor.dpf.pdbqt
ligand_236_receptor.dpf.dlg,659.46,C:/Users/yhalias/Downloads/docking-project-py/Docking/pdqbt_files\ligand_236_receptor.dpf.pdbqt
ligand_237_receptor.dpf.dlg,631.19,C:/Users/yhalias/Downloads/docking-project-py/Docking/pdqbt_files\ligand_237_receptor.dpf.pdbqt
ligand_238_receptor.dpf.dlg,-8.21,C:/Users/yhalias/Downloads/docking-project-py/Docking/pdqbt_files\ligand_238_receptor.dpf.pdbqt
ligand_239_receptor.dpf.dlg,2310.0,C:/Users/yhalias/Downloads/docking-project-py/Docking/pdqbt_files\ligand_239_receptor.dpf.pdbqt
ligand_23_receptor.dpf.dlg,-10.77,C:/Users/yhalias/Downloads/docking-project-py/Docking/pdqbt_files\ligand_23_receptor.dpf.pdbqt
ligand_241_receptor.dpf.dlg,1470.0,C:/Users/yhalias/Downloads/docking-project-py/Docking/pdqbt_files\ligand_241_receptor.dpf.pdbqt
ligand_242_receptor.dpf.dlg,4990000.0,C:/Users/yhalias/Downloads/docking-project-py/Docking/pdqbt_files\ligand_242_receptor.dpf.pdbqt
ligand_243_receptor.dpf.dlg,-3.3,C:/Users/yhalias/Downloads/docking-project-py/Docking/pdqbt_files\ligand_243_receptor.dpf.pdbqt
ligand_244_receptor.dpf.dlg,10200000.0,C:/Users/yhalias/Downloads/docking-project-py/Docking/pdqbt_files\ligand_244_receptor.dpf.pdbqt
ligand_245_receptor.dpf.dlg,5570.0,C:/Users/yhalias/Downloads/docking-project-py/Docking/pdqbt_files\ligand_245_receptor.dpf.pdbqt
ligand_246_receptor.dpf.dlg,5600.0,C:/Users/yhalias/Downloads/docking-project-py/Docking/pdqbt_files\ligand_246_receptor.dpf.pdbqt
ligand_247_receptor.dpf.dlg,299.63,C:/Users/yhalias/Downloads/docking-project-py/Docking/pdqbt_files\ligand_247_receptor.dpf.pdbqt
ligand_248_receptor.dpf.dlg,2090.0,C:/Users/yhalias/Downloads/docking-project-py/Docking/pdqbt_files\ligand_248_receptor.dpf.pdbqt
ligand_249_receptor.dpf.dlg,-6.18,C:/Users/yhalias/Downloads/docking-project-py/Docking/pdqbt_files\ligand_249_receptor.dpf.pdbqt
ligand_24_receptor.dpf.dlg,35.78,C:/Users/yhalias/Downloads/docking-project-py/Docking/pdqbt_files\ligand_24_receptor.dpf.pdbqt
ligand_250_receptor.dpf.dlg,-4.07,C:/Users/yhalias/Downloads/docking-project-py/Docking/pdqbt_files\ligand_250_receptor.dpf.pdbqt
ligand_251_receptor.dpf.dlg,366.87,C:/Users/yhalias/Downloads/docking-project-py/Docking/pdqbt_files\ligand_251_receptor.dpf.pdbqt
ligand_252_receptor.dpf.dlg,85.99,C:/Users/yhalias/Downloads/docking-project-py/Docking/pdqbt_files\ligand_252_receptor.dpf.pdbqt
ligand_253_receptor.dpf.dlg,288000.0,C:/Users/yhalias/Downloads/docking-project-py/Docking/pdqbt_files\ligand_253_receptor.dpf.pdbqt
ligand_254_receptor.dpf.dlg,8630.0,C:/Users/yhalias/Downloads/docking-project-py/Docking/pdqbt_files\ligand_254_receptor.dpf.pdbqt
ligand_255_receptor.dpf.dlg,460.48,C:/Users/yhalias/Downloads/docking-project-py/Docking/pdqbt_files\ligand_255_receptor.dpf.pdbqt
ligand_257_receptor.dpf.dlg,-8.5,C:/Users/yhalias/Downloads/docking-project-py/Docking/pdqbt_files\ligand_257_receptor.dpf.pdbqt
ligand_258_receptor.dpf.dlg,127.42,C:/Users/yhalias/Downloads/docking-project-py/Docking/pdqbt_files\ligand_258_receptor.dpf.pdbqt
ligand_259_receptor.dpf.dlg,74.43,C:/Users/yhalias/Downloads/docking-project-py/Docking/pdqbt_files\ligand_259_receptor.dpf.pdbqt
ligand_25_receptor.dpf.dlg,39500.0,C:/Users/yhalias/Downloads/docking-project-py/Docking/pdqbt_files\ligand_25_receptor.dpf.pdbqt
ligand_260_receptor.dpf.dlg,256.11,C:/Users/yhalias/Downloads/docking-project-py/Docking/pdqbt_files\ligand_260_receptor.dpf.pdbqt
ligand_261_receptor.dpf.dlg,3.47,C:/Users/yhalias/Downloads/docking-project-py/Docking/pdqbt_files\ligand_261_receptor.dpf.pdbqt
ligand_262_receptor.dpf.dlg,350000.0,C:/Users/yhalias/Downloads/docking-project-py/Docking/pdqbt_files\ligand_262_receptor.dpf.pdbqt
ligand_263_receptor.dpf.dlg,111000.0,C:/Users/yhalias/Downloads/docking-project-py/Docking/pdqbt_files\ligand_263_receptor.dpf.pdbqt
ligand_264_receptor.dpf.dlg,1880.0,C:/Users/yhalias/Downloads/docking-project-py/Docking/pdqbt_files\ligand_264_receptor.dpf.pdbqt
ligand_265_receptor.dpf.dlg,10.67,C:/Users/yhalias/Downloads/docking-project-py/Docking/pdqbt_files\ligand_265_receptor.dpf.pdbqt
ligand_266_receptor.dpf.dlg,11.19,C:/Users/yhalias/Downloads/docking-project-py/Docking/pdqbt_files\ligand_266_receptor.dpf.pdbqt
ligand_267_receptor.dpf.dlg,146.94,C:/Users/yhalias/Downloads/docking-project-py/Docking/pdqbt_files\ligand_267_receptor.dpf.pdbqt
ligand_268_receptor.dpf.dlg,277.54,C:/Users/yhalias/Downloads/docking-project-py/Docking/pdqbt_files\ligand_268_receptor.dpf.pdbqt
ligand_270_receptor.dpf.dlg,289.91,C:/Users/yhalias/Downloads/docking-project-py/Docking/pdqbt_files\ligand_270_receptor.dpf.pdbqt
ligand_271_receptor.dpf.dlg,1810.0,C:/Users/yhalias/Downloads/docking-project-py/Docking/pdqbt_files\ligand_271_receptor.dpf.pdbqt
ligand_272_receptor.dpf.dlg,-5.6,C:/Users/yhalias/Downloads/docking-project-py/Docking/pdqbt_files\ligand_272_receptor.dpf.pdbqt
ligand_273_receptor.dpf.dlg,205000.0,C:/Users/yhalias/Downloads/docking-project-py/Docking/pdqbt_files\ligand_273_receptor.dpf.pdbqt
ligand_275_receptor.dpf.dlg,32.47,C:/Users/yhalias/Downloads/docking-project-py/Docking/pdqbt_files\ligand_275_receptor.dpf.pdbqt
ligand_276_receptor.dpf.dlg,30700.0,C:/Users/yhalias/Downloads/docking-project-py/Docking/pdqbt_files\ligand_276_receptor.dpf.pdbqt
ligand_277_receptor.dpf.dlg,70.13,C:/Users/yhalias/Downloads/docking-project-py/Docking/pdqbt_files\ligand_277_receptor.dpf.pdbqt
ligand_279_receptor.dpf.dlg,141.42,C:/Users/yhalias/Downloads/docking-project-py/Docking/pdqbt_files\ligand_279_receptor.dpf.pdbqt
ligand_280_receptor.dpf.dlg,6110.0,C:/Users/yhalias/Downloads/docking-project-py/Docking/pdqbt_files\ligand_280_receptor.dpf.pdbqt
ligand_281_receptor.dpf.dlg,2110.0,C:/Users/yhalias/Downloads/docking-project-py/Docking/pdqbt_files\ligand_281_receptor.dpf.pdbqt
ligand_282_receptor.dpf.dlg,-9.33,C:/Users/yhalias/Downloads/docking-project-py/Docking/pdqbt_files\ligand_282_receptor.dpf.pdbqt
ligand_283_receptor.dpf.dlg,126.91,C:/Users/yhalias/Downloads/docking-project-py/Docking/pdqbt_files\ligand_283_receptor.dpf.pdbqt
ligand_284_receptor.dpf.dlg,2.91,C:/Users/yhalias/Downloads/docking-project-py/Docking/pdqbt_files\ligand_284_receptor.dpf.pdbqt
ligand_285_receptor.dpf.dlg,60800.0,C:/Users/yhalias/Downloads/docking-project-py/Docking/pdqbt_files\ligand_285_receptor.dpf.pdbqt
ligand_286_receptor.dpf.dlg,145000.0,C:/Users/yhalias/Downloads/docking-project-py/Docking/pdqbt_files\ligand_286_receptor.dpf.pdbqt
ligand_287_receptor.dpf.dlg,-9.64,C:/Users/yhalias/Downloads/docking-project-py/Docking/pdqbt_files\ligand_287_receptor.dpf.pdbqt
ligand_288_receptor.dpf.dlg,233.09,C:/Users/yhalias/Downloads/docking-project-py/Docking/pdqbt_files\ligand_288_receptor.dpf.pdbqt
ligand_289_receptor.dpf.dlg,2350.0,C:/Users/yhalias/Downloads/docking-project-py/Docking/pdqbt_files\ligand_289_receptor.dpf.pdbqt
ligand_28_receptor.dpf.dlg,1160.0,C:/Users/yhalias/Downloads/docking-project-py/Docking/pdqbt_files\ligand_28_receptor.dpf.pdbqt
ligand_290_receptor.dpf.dlg,31700.0,C:/Users/yhalias/Downloads/docking-project-py/Docking/pdqbt_files\ligand_290_receptor.dpf.pdbqt
ligand_291_receptor.dpf.dlg,9.64,C:/Users/yhalias/Downloads/docking-project-py/Docking/pdqbt_files\ligand_291_receptor.dpf.pdbqt
ligand_292_receptor.dpf.dlg,-7.36,C:/Users/yhalias/Downloads/docking-project-py/Docking/pdqbt_files\ligand_292_receptor.dpf.pdbqt
ligand_294_receptor.dpf.dlg,4550.0,C:/Users/yhalias/Downloads/docking-project-py/Docking/pdqbt_files\ligand_294_receptor.dpf.pdbqt
ligand_295_receptor.dpf.dlg,-12.74,C:/Users/yhalias/Downloads/docking-project-py/Docking/pdqbt_files\ligand_295_receptor.dpf.pdbqt
ligand_296_receptor.dpf.dlg,-12.4,C:/Users/yhalias/Downloads/docking-project-py/Docking/pdqbt_files\ligand_296_receptor.dpf.pdbqt
ligand_297_receptor.dpf.dlg,1190.0,C:/Users/yhalias/Downloads/docking-project-py/Docking/pdqbt_files\ligand_297_receptor.dpf.pdbqt
ligand_298_receptor.dpf.dlg,30000.0,C:/Users/yhalias/Downloads/docking-project-py/Docking/pdqbt_files\ligand_298_receptor.dpf.pdbqt
ligand_299_receptor.dpf.dlg,17.01,C:/Users/yhalias/Downloads/docking-project-py/Docking/pdqbt_files\ligand_299_receptor.dpf.pdbqt
ligand_29_receptor.dpf.dlg,84400.0,C:/Users/yhalias/Downloads/docking-project-py/Docking/pdqbt_files\ligand_29_receptor.dpf.pdbqt
ligand_2_receptor.dpf.dlg,425.59,C:/Users/yhalias/Downloads/docking-project-py/Docking/pdqbt_files\ligand_2_receptor.dpf.pdbqt
ligand_300_receptor.dpf.dlg,205.73,C:/Users/yhalias/Downloads/docking-project-py/Docking/pdqbt_files\ligand_300_receptor.dpf.pdbqt
ligand_302_receptor.dpf.dlg,6380.0,C:/Users/yhalias/Downloads/docking-project-py/Docking/pdqbt_files\ligand_302_receptor.dpf.pdbqt
ligand_303_receptor.dpf.dlg,801.24,C:/Users/yhalias/Downloads/docking-project-py/Docking/pdqbt_files\ligand_303_receptor.dpf.pdbqt
ligand_304_receptor.dpf.dlg,801.87,C:/Users/yhalias/Downloads/docking-project-py/Docking/pdqbt_files\ligand_304_receptor.dpf.pdbqt
ligand_305_receptor.dpf.dlg,-12.08,C:/Users/yhalias/Downloads/docking-project-py/Docking/pdqbt_files\ligand_305_receptor.dpf.pdbqt
ligand_307_receptor.dpf.dlg,-12.0,C:/Users/yhalias/Downloads/docking-project-py/Docking/pdqbt_files\ligand_307_receptor.dpf.pdbqt
ligand_308_receptor.dpf.dlg,36300.0,C:/Users/yhalias/Downloads/docking-project-py/Docking/pdqbt_files\ligand_308_receptor.dpf.pdbqt
ligand_309_receptor.dpf.dlg,36200.0,C:/Users/yhalias/Downloads/docking-project-py/Docking/pdqbt_files\ligand_309_receptor.dpf.pdbqt
ligand_30_receptor.dpf.dlg,760.98,C:/Users/yhalias/Downloads/docking-project-py/Docking/pdqbt_files\ligand_30_receptor.dpf.pdbqt
ligand_310_receptor.dpf.dlg,25900.0,C:/Users/yhalias/Downloads/docking-project-py/Docking/pdqbt_files\ligand_310_receptor.dpf.pdbqt
ligand_311_receptor.dpf.dlg,46.45,C:/Users/yhalias/Downloads/docking-project-py/Docking/pdqbt_files\ligand_311_receptor.dpf.pdbqt
ligand_312_receptor.dpf.dlg,3690.0,C:/Users/yhalias/Downloads/docking-project-py/Docking/pdqbt_files\ligand_312_receptor.dpf.pdbqt
ligand_313_receptor.dpf.dlg,-11.83,C:/Users/yhalias/Downloads/docking-project-py/Docking/pdqbt_files\ligand_313_receptor.dpf.pdbqt
ligand_314_receptor.dpf.dlg,18400.0,C:/Users/yhalias/Downloads/docking-project-py/Docking/pdqbt_files\ligand_314_receptor.dpf.pdbqt
ligand_317_receptor.dpf.dlg,8690.0,C:/Users/yhalias/Downloads/docking-project-py/Docking/pdqbt_files\ligand_317_receptor.dpf.pdbqt
ligand_319_receptor.dpf.dlg,18900.0,C:/Users/yhalias/Downloads/docking-project-py/Docking/pdqbt_files\ligand_319_receptor.dpf.pdbqt
ligand_31_receptor.dpf.dlg,18400.0,C:/Users/yhalias/Downloads/docking-project-py/Docking/pdqbt_files\ligand_31_receptor.dpf.pdbqt
ligand_320_receptor.dpf.dlg,2000000.0,C:/Users/yhalias/Downloads/docking-project-py/Docking/pdqbt_files\ligand_320_receptor.dpf.pdbqt
ligand_322_receptor.dpf.dlg,-2.2,C:/Users/yhalias/Downloads/docking-project-py/Docking/pdqbt_files\ligand_322_receptor.dpf.pdbqt
ligand_323_receptor.dpf.dlg,7390000.0,C:/Users/yhalias/Downloads/docking-project-py/Docking/pdqbt_files\ligand_323_receptor.dpf.pdbqt
ligand_324_receptor.dpf.dlg,2010000.0,C:/Users/yhalias/Downloads/docking-project-py/Docking/pdqbt_files\ligand_324_receptor.dpf.pdbqt
ligand_325_receptor.dpf.dlg,734.7,C:/Users/yhalias/Downloads/docking-project-py/Docking/pdqbt_files\ligand_325_receptor.dpf.pdbqt
ligand_326_receptor.dpf.dlg,-11.09,C:/Users/yhalias/Downloads/docking-project-py/Docking/pdqbt_files\ligand_326_receptor.dpf.pdbqt
ligand_327_receptor.dpf.dlg,-11.48,C:/Users/yhalias/Downloads/docking-project-py/Docking/pdqbt_files\ligand_327_receptor.dpf.pdbqt
ligand_328_receptor.dpf.dlg,5770.0,C:/Users/yhalias/Downloads/docking-project-py/Docking/pdqbt_files\ligand_328_receptor.dpf.pdbqt
ligand_329_receptor.dpf.dlg,3310.0,C:/Users/yhalias/Downloads/docking-project-py/Docking/pdqbt_files\ligand_329_receptor.dpf.pdbqt
ligand_32_receptor.dpf.dlg,131.82,C:/Users/yhalias/Downloads/docking-project-py/Docking/pdqbt_files\ligand_32_receptor.dpf.pdbqt
ligand_331_receptor.dpf.dlg,29.92,C:/Users/yhalias/Downloads/docking-project-py/Docking/pdqbt_files\ligand_331_receptor.dpf.pdbqt
ligand_332_receptor.dpf.dlg,51.01,C:/Users/yhalias/Downloads/docking-project-py/Docking/pdqbt_files\ligand_332_receptor.dpf.pdbqt
ligand_333_receptor.dpf.dlg,5750.0,C:/Users/yhalias/Downloads/docking-project-py/Docking/pdqbt_files\ligand_333_receptor.dpf.pdbqt
ligand_334_receptor.dpf.dlg,2640.0,C:/Users/yhalias/Downloads/docking-project-py/Docking/pdqbt_files\ligand_334_receptor.dpf.pdbqt
ligand_335_receptor.dpf.dlg,2640.0,C:/Users/yhalias/Downloads/docking-project-py/Docking/pdqbt_files\ligand_335_receptor.dpf.pdbqt
ligand_336_receptor.dpf.dlg,39700.0,C:/Users/yhalias/Downloads/docking-project-py/Docking/pdqbt_files\ligand_336_receptor.dpf.pdbqt
ligand_337_receptor.dpf.dlg,-9.87,C:/Users/yhalias/Downloads/docking-project-py/Docking/pdqbt_files\ligand_337_receptor.dpf.pdbqt
ligand_339_receptor.dpf.dlg,-0.09,C:/Users/yhalias/Downloads/docking-project-py/Docking/pdqbt_files\ligand_339_receptor.dpf.pdbqt
ligand_33_receptor.dpf.dlg,5230.0,C:/Users/yhalias/Downloads/docking-project-py/Docking/pdqbt_files\ligand_33_receptor.dpf.pdbqt
ligand_340_receptor.dpf.dlg,601.5,C:/Users/yhalias/Downloads/docking-project-py/Docking/pdqbt_files\ligand_340_receptor.dpf.pdbqt
ligand_341_receptor.dpf.dlg,-13.99,C:/Users/yhalias/Downloads/docking-project-py/Docking/pdqbt_files\ligand_341_receptor.dpf.pdbqt
ligand_342_receptor.dpf.dlg,68300.0,C:/Users/yhalias/Downloads/docking-project-py/Docking/pdqbt_files\ligand_342_receptor.dpf.pdbqt
ligand_343_receptor.dpf.dlg,7390.0,C:/Users/yhalias/Downloads/docking-project-py/Docking/pdqbt_files\ligand_343_receptor.dpf.pdbqt
ligand_344_receptor.dpf.dlg,56.91,C:/Users/yhalias/Downloads/docking-project-py/Docking/pdqbt_files\ligand_344_receptor.dpf.pdbqt
ligand_345_receptor.dpf.dlg,4320.0,C:/Users/yhalias/Downloads/docking-project-py/Docking/pdqbt_files\ligand_345_receptor.dpf.pdbqt
ligand_346_receptor.dpf.dlg,32.56,C:/Users/yhalias/Downloads/docking-project-py/Docking/pdqbt_files\ligand_346_receptor.dpf.pdbqt
ligand_347_receptor.dpf.dlg,7050.0,C:/Users/yhalias/Downloads/docking-project-py/Docking/pdqbt_files\ligand_347_receptor.dpf.pdbqt
ligand_348_receptor.dpf.dlg,1920000.0,C:/Users/yhalias/Downloads/docking-project-py/Docking/pdqbt_files\ligand_348_receptor.dpf.pdbqt
ligand_349_receptor.dpf.dlg,54200.0,C:/Users/yhalias/Downloads/docking-project-py/Docking/pdqbt_files\ligand_349_receptor.dpf.pdbqt
ligand_350_receptor.dpf.dlg,242.62,C:/Users/yhalias/Downloads/docking-project-py/Docking/pdqbt_files\ligand_350_receptor.dpf.pdbqt
ligand_351_receptor.dpf.dlg,68500.0,C:/Users/yhalias/Downloads/docking-project-py/Docking/pdqbt_files\ligand_351_receptor.dpf.pdbqt
ligand_352_receptor.dpf.dlg,824.34,C:/Users/yhalias/Downloads/docking-project-py/Docking/pdqbt_files\ligand_352_receptor.dpf.pdbqt
ligand_353_receptor.dpf.dlg,183.6,C:/Users/yhalias/Downloads/docking-project-py/Docking/pdqbt_files\ligand_353_receptor.dpf.pdbqt
ligand_354_receptor.dpf.dlg,-1.29,C:/Users/yhalias/Downloads/docking-project-py/Docking/pdqbt_files\ligand_354_receptor.dpf.pdbqt
ligand_355_receptor.dpf.dlg,-8.48,C:/Users/yhalias/Downloads/docking-project-py/Docking/pdqbt_files\ligand_355_receptor.dpf.pdbqt
ligand_356_receptor.dpf.dlg,-2.32,C:/Users/yhalias/Downloads/docking-project-py/Docking/pdqbt_files\ligand_356_receptor.dpf.pdbqt
ligand_357_receptor.dpf.dlg,4670.0,C:/Users/yhalias/Downloads/docking-project-py/Docking/pdqbt_files\ligand_357_receptor.dpf.pdbqt
ligand_358_receptor.dpf.dlg,6.06,C:/Users/yhalias/Downloads/docking-project-py/Docking/pdqbt_files\ligand_358_receptor.dpf.pdbqt
ligand_359_receptor.dpf.dlg,165000.0,C:/Users/yhalias/Downloads/docking-project-py/Docking/pdqbt_files\ligand_359_receptor.dpf.pdbqt
ligand_35_receptor.dpf.dlg,3140.0,C:/Users/yhalias/Downloads/docking-project-py/Docking/pdqbt_files\ligand_35_receptor.dpf.pdbqt
ligand_361_receptor.dpf.dlg,4450.0,C:/Users/yhalias/Downloads/docking-project-py/Docking/pdqbt_files\ligand_361_receptor.dpf.pdbqt
ligand_362_receptor.dpf.dlg,12.3,C:/Users/yhalias/Downloads/docking-project-py/Docking/pdqbt_files\ligand_362_receptor.dpf.pdbqt
ligand_363_receptor.dpf.dlg,2060.0,C:/Users/yhalias/Downloads/docking-project-py/Docking/pdqbt_files\ligand_363_receptor.dpf.pdbqt
ligand_364_receptor.dpf.dlg,18200.0,C:/Users/yhalias/Downloads/docking-project-py/Docking/pdqbt_files\ligand_364_receptor.dpf.pdbqt
ligand_365_receptor.dpf.dlg,657.41,C:/Users/yhalias/Downloads/docking-project-py/Docking/pdqbt_files\ligand_365_receptor.dpf.pdbqt
ligand_366_receptor.dpf.dlg,4950.0,C:/Users/yhalias/Downloads/docking-project-py/Docking/pdqbt_files\ligand_366_receptor.dpf.pdbqt
ligand_367_receptor.dpf.dlg,-5.81,C:/Users/yhalias/Downloads/docking-project-py/Docking/pdqbt_files\ligand_367_receptor.dpf.pdbqt
ligand_368_receptor.dpf.dlg,-12.62,C:/Users/yhalias/Downloads/docking-project-py/Docking/pdqbt_files\ligand_368_receptor.dpf.pdbqt
ligand_369_receptor.dpf.dlg,68.26,C:/Users/yhalias/Downloads/docking-project-py/Docking/pdqbt_files\ligand_369_receptor.dpf.pdbqt
ligand_36_receptor.dpf.dlg,7240.0,C:/Users/yhalias/Downloads/docking-project-py/Docking/pdqbt_files\ligand_36_receptor.dpf.pdbqt
ligand_370_receptor.dpf.dlg,-11.64,C:/Users/yhalias/Downloads/docking-project-py/Docking/pdqbt_files\ligand_370_receptor.dpf.pdbqt
ligand_371_receptor.dpf.dlg,1010000.0,C:/Users/yhalias/Downloads/docking-project-py/Docking/pdqbt_files\ligand_371_receptor.dpf.pdbqt
ligand_372_receptor.dpf.dlg,1.12,C:/Users/yhalias/Downloads/docking-project-py/Docking/pdqbt_files\ligand_372_receptor.dpf.pdbqt
ligand_373_receptor.dpf.dlg,-1.94,C:/Users/yhalias/Downloads/docking-project-py/Docking/pdqbt_files\ligand_373_receptor.dpf.pdbqt
ligand_374_receptor.dpf.dlg,1640.0,C:/Users/yhalias/Downloads/docking-project-py/Docking/pdqbt_files\ligand_374_receptor.dpf.pdbqt
ligand_375_receptor.dpf.dlg,2600.0,C:/Users/yhalias/Downloads/docking-project-py/Docking/pdqbt_files\ligand_375_receptor.dpf.pdbqt
ligand_376_receptor.dpf.dlg,9450.0,C:/Users/yhalias/Downloads/docking-project-py/Docking/pdqbt_files\ligand_376_receptor.dpf.pdbqt
ligand_377_receptor.dpf.dlg,105000.0,C:/Users/yhalias/Downloads/docking-project-py/Docking/pdqbt_files\ligand_377_receptor.dpf.pdbqt
ligand_378_receptor.dpf.dlg,2760000.0,C:/Users/yhalias/Downloads/docking-project-py/Docking/pdqbt_files\ligand_378_receptor.dpf.pdbqt
ligand_379_receptor.dpf.dlg,928.29,C:/Users/yhalias/Downloads/docking-project-py/Docking/pdqbt_files\ligand_379_receptor.dpf.pdbqt
ligand_37_receptor.dpf.dlg,245.36,C:/Users/yhalias/Downloads/docking-project-py/Docking/pdqbt_files\ligand_37_receptor.dpf.pdbqt
ligand_380_receptor.dpf.dlg,208000.0,C:/Users/yhalias/Downloads/docking-project-py/Docking/pdqbt_files\ligand_380_receptor.dpf.pdbqt
ligand_381_receptor.dpf.dlg,-10.54,C:/Users/yhalias/Downloads/docking-project-py/Docking/pdqbt_files\ligand_381_receptor.dpf.pdbqt
ligand_382_receptor.dpf.dlg,28600000.0,C:/Users/yhalias/Downloads/docking-project-py/Docking/pdqbt_files\ligand_382_receptor.dpf.pdbqt
ligand_383_receptor.dpf.dlg,786000.0,C:/Users/yhalias/Downloads/docking-project-py/Docking/pdqbt_files\ligand_383_receptor.dpf.pdbqt
ligand_384_receptor.dpf.dlg,47.72,C:/Users/yhalias/Downloads/docking-project-py/Docking/pdqbt_files\ligand_384_receptor.dpf.pdbqt
ligand_385_receptor.dpf.dlg,44400.0,C:/Users/yhalias/Downloads/docking-project-py/Docking/pdqbt_files\ligand_385_receptor.dpf.pdbqt
ligand_386_receptor.dpf.dlg,63300.0,C:/Users/yhalias/Downloads/docking-project-py/Docking/pdqbt_files\ligand_386_receptor.dpf.pdbqt
ligand_387_receptor.dpf.dlg,10200.0,C:/Users/yhalias/Downloads/docking-project-py/Docking/pdqbt_files\ligand_387_receptor.dpf.pdbqt
ligand_388_receptor.dpf.dlg,216.75,C:/Users/yhalias/Downloads/docking-project-py/Docking/pdqbt_files\ligand_388_receptor.dpf.pdbqt
ligand_389_receptor.dpf.dlg,29000.0,C:/Users/yhalias/Downloads/docking-project-py/Docking/pdqbt_files\ligand_389_receptor.dpf.pdbqt
ligand_38_receptor.dpf.dlg,509.38,C:/Users/yhalias/Downloads/docking-project-py/Docking/pdqbt_files\ligand_38_receptor.dpf.pdbqt
ligand_390_receptor.dpf.dlg,8340000.0,C:/Users/yhalias/Downloads/docking-project-py/Docking/pdqbt_files\ligand_390_receptor.dpf.pdbqt
ligand_391_receptor.dpf.dlg,7.09,C:/Users/yhalias/Downloads/docking-project-py/Docking/pdqbt_files\ligand_391_receptor.dpf.pdbqt
ligand_392_receptor.dpf.dlg,30800.0,C:/Users/yhalias/Downloads/docking-project-py/Docking/pdqbt_files\ligand_392_receptor.dpf.pdbqt
ligand_393_receptor.dpf.dlg,32300.0,C:/Users/yhalias/Downloads/docking-project-py/Docking/pdqbt_files\ligand_393_receptor.dpf.pdbqt
ligand_394_receptor.dpf.dlg,61000.0,C:/Users/yhalias/Downloads/docking-project-py/Docking/pdqbt_files\ligand_394_receptor.dpf.pdbqt
ligand_395_receptor.dpf.dlg,22200.0,C:/Users/yhalias/Downloads/docking-project-py/Docking/pdqbt_files\ligand_395_receptor.dpf.pdbqt
ligand_396_receptor.dpf.dlg,19100.0,C:/Users/yhalias/Downloads/docking-project-py/Docking/pdqbt_files\ligand_396_receptor.dpf.pdbqt
ligand_397_receptor.dpf.dlg,217000.0,C:/Users/yhalias/Downloads/docking-project-py/Docking/pdqbt_files\ligand_397_receptor.dpf.pdbqt
ligand_398_receptor.dpf.dlg,609000.0,C:/Users/yhalias/Downloads/docking-project-py/Docking/pdqbt_files\ligand_398_receptor.dpf.pdbqt
ligand_399_receptor.dpf.dlg,416000.0,C:/Users/yhalias/Downloads/docking-project-py/Docking/pdqbt_files\ligand_399_receptor.dpf.pdbqt
ligand_39_receptor.dpf.dlg,437.74,C:/Users/yhalias/Downloads/docking-project-py/Docking/pdqbt_files\ligand_39_receptor.dpf.pdbqt
ligand_3_receptor.dpf.dlg,337.73,C:/Users/yhalias/Downloads/docking-project-py/Docking/pdqbt_files\ligand_3_receptor.dpf.pdbqt
ligand_400_receptor.dpf.dlg,614.83,C:/Users/yhalias/Downloads/docking-project-py/Docking/pdqbt_files\ligand_400_receptor.dpf.pdbqt
ligand_401_receptor.dpf.dlg,918.37,C:/Users/yhalias/Downloads/docking-project-py/Docking/pdqbt_files\ligand_401_receptor.dpf.pdbqt
ligand_402_receptor.dpf.dlg,-11.12,C:/Users/yhalias/Downloads/docking-project-py/Docking/pdqbt_files\ligand_402_receptor.dpf.pdbqt
ligand_403_receptor.dpf.dlg,4.82,C:/Users/yhalias/Downloads/docking-project-py/Docking/pdqbt_files\ligand_403_receptor.dpf.pdbqt
ligand_404_receptor.dpf.dlg,-10.41,C:/Users/yhalias/Downloads/docking-project-py/Docking/pdqbt_files\ligand_404_receptor.dpf.pdbqt
ligand_405_receptor.dpf.dlg,430.46,C:/Users/yhalias/Downloads/docking-project-py/Docking/pdqbt_files\ligand_405_receptor.dpf.pdbqt
ligand_406_receptor.dpf.dlg,71.39,C:/Users/yhalias/Downloads/docking-project-py/Docking/pdqbt_files\ligand_406_receptor.dpf.pdbqt
ligand_407_receptor.dpf.dlg,27.85,C:/Users/yhalias/Downloads/docking-project-py/Docking/pdqbt_files\ligand_407_receptor.dpf.pdbqt
ligand_409_receptor.dpf.dlg,106000.0,C:/Users/yhalias/Downloads/docking-project-py/Docking/pdqbt_files\ligand_409_receptor.dpf.pdbqt
ligand_40_receptor.dpf.dlg,3120000.0,C:/Users/yhalias/Downloads/docking-project-py/Docking/pdqbt_files\ligand_40_receptor.dpf.pdbqt
ligand_410_receptor.dpf.dlg,43900.0,C:/Users/yhalias/Downloads/docking-project-py/Docking/pdqbt_files\ligand_410_receptor.dpf.pdbqt
ligand_411_receptor.dpf.dlg,2590000.0,C:/Users/yhalias/Downloads/docking-project-py/Docking/pdqbt_files\ligand_411_receptor.dpf.pdbqt
ligand_413_receptor.dpf.dlg,25900.0,C:/Users/yhalias/Downloads/docking-project-py/Docking/pdqbt_files\ligand_413_receptor.dpf.pdbqt
ligand_414_receptor.dpf.dlg,394000.0,C:/Users/yhalias/Downloads/docking-project-py/Docking/pdqbt_files\ligand_414_receptor.dpf.pdbqt
ligand_415_receptor.dpf.dlg,12000.0,C:/Users/yhalias/Downloads/docking-project-py/Docking/pdqbt_files\ligand_415_receptor.dpf.pdbqt
ligand_416_receptor.dpf.dlg,-0.23,C:/Users/yhalias/Downloads/docking-project-py/Docking/pdqbt_files\ligand_416_receptor.dpf.pdbqt
ligand_417_receptor.dpf.dlg,24100.0,C:/Users/yhalias/Downloads/docking-project-py/Docking/pdqbt_files\ligand_417_receptor.dpf.pdbqt
ligand_418_receptor.dpf.dlg,36500.0,C:/Users/yhalias/Downloads/docking-project-py/Docking/pdqbt_files\ligand_418_receptor.dpf.pdbqt
ligand_419_receptor.dpf.dlg,-11.37,C:/Users/yhalias/Downloads/docking-project-py/Docking/pdqbt_files\ligand_419_receptor.dpf.pdbqt
ligand_41_receptor.dpf.dlg,8260.0,C:/Users/yhalias/Downloads/docking-project-py/Docking/pdqbt_files\ligand_41_receptor.dpf.pdbqt
ligand_420_receptor.dpf.dlg,17.06,C:/Users/yhalias/Downloads/docking-project-py/Docking/pdqbt_files\ligand_420_receptor.dpf.pdbqt
ligand_421_receptor.dpf.dlg,2930000.0,C:/Users/yhalias/Downloads/docking-project-py/Docking/pdqbt_files\ligand_421_receptor.dpf.pdbqt
ligand_422_receptor.dpf.dlg,190000.0,C:/Users/yhalias/Downloads/docking-project-py/Docking/pdqbt_files\ligand_422_receptor.dpf.pdbqt
ligand_423_receptor.dpf.dlg,189000.0,C:/Users/yhalias/Downloads/docking-project-py/Docking/pdqbt_files\ligand_423_receptor.dpf.pdbqt
ligand_424_receptor.dpf.dlg,190000.0,C:/Users/yhalias/Downloads/docking-project-py/Docking/pdqbt_files\ligand_424_receptor.dpf.pdbqt
ligand_425_receptor.dpf.dlg,276000.0,C:/Users/yhalias/Downloads/docking-project-py/Docking/pdqbt_files\ligand_425_receptor.dpf.pdbqt
ligand_426_receptor.dpf.dlg,26700.0,C:/Users/yhalias/Downloads/docking-project-py/Docking/pdqbt_files\ligand_426_receptor.dpf.pdbqt
ligand_427_receptor.dpf.dlg,7.13,C:/Users/yhalias/Downloads/docking-project-py/Docking/pdqbt_files\ligand_427_receptor.dpf.pdbqt
ligand_428_receptor.dpf.dlg,773.17,C:/Users/yhalias/Downloads/docking-project-py/Docking/pdqbt_files\ligand_428_receptor.dpf.pdbqt
ligand_42_receptor.dpf.dlg,-4.14,C:/Users/yhalias/Downloads/docking-project-py/Docking/pdqbt_files\ligand_42_receptor.dpf.pdbqt
ligand_430_receptor.dpf.dlg,447.14,C:/Users/yhalias/Downloads/docking-project-py/Docking/pdqbt_files\ligand_430_receptor.dpf.pdbqt
ligand_431_receptor.dpf.dlg,25000.0,C:/Users/yhalias/Downloads/docking-project-py/Docking/pdqbt_files\ligand_431_receptor.dpf.pdbqt
ligand_432_receptor.dpf.dlg,-11.28,C:/Users/yhalias/Downloads/docking-project-py/Docking/pdqbt_files\ligand_432_receptor.dpf.pdbqt
ligand_433_receptor.dpf.dlg,-0.65,C:/Users/yhalias/Downloads/docking-project-py/Docking/pdqbt_files\ligand_433_receptor.dpf.pdbqt
ligand_434_receptor.dpf.dlg,2780.0,C:/Users/yhalias/Downloads/docking-project-py/Docking/pdqbt_files\ligand_434_receptor.dpf.pdbqt
ligand_435_receptor.dpf.dlg,44300.0,C:/Users/yhalias/Downloads/docking-project-py/Docking/pdqbt_files\ligand_435_receptor.dpf.pdbqt
ligand_436_receptor.dpf.dlg,326000.0,C:/Users/yhalias/Downloads/docking-project-py/Docking/pdqbt_files\ligand_436_receptor.dpf.pdbqt
ligand_438_receptor.dpf.dlg,8420.0,C:/Users/yhalias/Downloads/docking-project-py/Docking/pdqbt_files\ligand_438_receptor.dpf.pdbqt
ligand_439_receptor.dpf.dlg,4010000.0,C:/Users/yhalias/Downloads/docking-project-py/Docking/pdqbt_files\ligand_439_receptor.dpf.pdbqt
ligand_43_receptor.dpf.dlg,92.45,C:/Users/yhalias/Downloads/docking-project-py/Docking/pdqbt_files\ligand_43_receptor.dpf.pdbqt
ligand_441_receptor.dpf.dlg,1940.0,C:/Users/yhalias/Downloads/docking-project-py/Docking/pdqbt_files\ligand_441_receptor.dpf.pdbqt
ligand_442_receptor.dpf.dlg,16400.0,C:/Users/yhalias/Downloads/docking-project-py/Docking/pdqbt_files\ligand_442_receptor.dpf.pdbqt
ligand_443_receptor.dpf.dlg,611.44,C:/Users/yhalias/Downloads/docking-project-py/Docking/pdqbt_files\ligand_443_receptor.dpf.pdbqt
ligand_444_receptor.dpf.dlg,4090.0,C:/Users/yhalias/Downloads/docking-project-py/Docking/pdqbt_files\ligand_444_receptor.dpf.pdbqt
ligand_445_receptor.dpf.dlg,-14.62,C:/Users/yhalias/Downloads/docking-project-py/Docking/pdqbt_files\ligand_445_receptor.dpf.pdbqt
ligand_446_receptor.dpf.dlg,42.12,C:/Users/yhalias/Downloads/docking-project-py/Docking/pdqbt_files\ligand_446_receptor.dpf.pdbqt
ligand_447_receptor.dpf.dlg,45.97,C:/Users/yhalias/Downloads/docking-project-py/Docking/pdqbt_files\ligand_447_receptor.dpf.pdbqt
ligand_448_receptor.dpf.dlg,13300.0,C:/Users/yhalias/Downloads/docking-project-py/Docking/pdqbt_files\ligand_448_receptor.dpf.pdbqt
ligand_449_receptor.dpf.dlg,6410.0,C:/Users/yhalias/Downloads/docking-project-py/Docking/pdqbt_files\ligand_449_receptor.dpf.pdbqt
ligand_44_receptor.dpf.dlg,8200.0,C:/Users/yhalias/Downloads/docking-project-py/Docking/pdqbt_files\ligand_44_receptor.dpf.pdbqt
ligand_450_receptor.dpf.dlg,-14.12,C:/Users/yhalias/Downloads/docking-project-py/Docking/pdqbt_files\ligand_450_receptor.dpf.pdbqt
ligand_451_receptor.dpf.dlg,24.12,C:/Users/yhalias/Downloads/docking-project-py/Docking/pdqbt_files\ligand_451_receptor.dpf.pdbqt
ligand_452_receptor.dpf.dlg,296.08,C:/Users/yhalias/Downloads/docking-project-py/Docking/pdqbt_files\ligand_452_receptor.dpf.pdbqt
ligand_453_receptor.dpf.dlg,5300000.0,C:/Users/yhalias/Downloads/docking-project-py/Docking/pdqbt_files\ligand_453_receptor.dpf.pdbqt
ligand_454_receptor.dpf.dlg,4970000.0,C:/Users/yhalias/Downloads/docking-project-py/Docking/pdqbt_files\ligand_454_receptor.dpf.pdbqt
ligand_455_receptor.dpf.dlg,1260.0,C:/Users/yhalias/Downloads/docking-project-py/Docking/pdqbt_files\ligand_455_receptor.dpf.pdbqt
ligand_456_receptor.dpf.dlg,-14.03,C:/Users/yhalias/Downloads/docking-project-py/Docking/pdqbt_files\ligand_456_receptor.dpf.pdbqt
ligand_457_receptor.dpf.dlg,877.54,C:/Users/yhalias/Downloads/docking-project-py/Docking/pdqbt_files\ligand_457_receptor.dpf.pdbqt
ligand_459_receptor.dpf.dlg,74.14,C:/Users/yhalias/Downloads/docking-project-py/Docking/pdqbt_files\ligand_459_receptor.dpf.pdbqt
ligand_45_receptor.dpf.dlg,33500.0,C:/Users/yhalias/Downloads/docking-project-py/Docking/pdqbt_files\ligand_45_receptor.dpf.pdbqt
ligand_460_receptor.dpf.dlg,3120.0,C:/Users/yhalias/Downloads/docking-project-py/Docking/pdqbt_files\ligand_460_receptor.dpf.pdbqt
ligand_461_receptor.dpf.dlg,328000.0,C:/Users/yhalias/Downloads/docking-project-py/Docking/pdqbt_files\ligand_461_receptor.dpf.pdbqt
ligand_462_receptor.dpf.dlg,350000.0,C:/Users/yhalias/Downloads/docking-project-py/Docking/pdqbt_files\ligand_462_receptor.dpf.pdbqt
ligand_463_receptor.dpf.dlg,373000.0,C:/Users/yhalias/Downloads/docking-project-py/Docking/pdqbt_files\ligand_463_receptor.dpf.pdbqt
ligand_464_receptor.dpf.dlg,540000.0,C:/Users/yhalias/Downloads/docking-project-py/Docking/pdqbt_files\ligand_464_receptor.dpf.pdbqt
ligand_465_receptor.dpf.dlg,0.59,C:/Users/yhalias/Downloads/docking-project-py/Docking/pdqbt_files\ligand_465_receptor.dpf.pdbqt
ligand_466_receptor.dpf.dlg,-13.47,C:/Users/yhalias/Downloads/docking-project-py/Docking/pdqbt_files\ligand_466_receptor.dpf.pdbqt
ligand_467_receptor.dpf.dlg,245.91,C:/Users/yhalias/Downloads/docking-project-py/Docking/pdqbt_files\ligand_467_receptor.dpf.pdbqt
ligand_46_receptor.dpf.dlg,144.8,C:/Users/yhalias/Downloads/docking-project-py/Docking/pdqbt_files\ligand_46_receptor.dpf.pdbqt
ligand_470_receptor.dpf.dlg,64.64,C:/Users/yhalias/Downloads/docking-project-py/Docking/pdqbt_files\ligand_470_receptor.dpf.pdbqt
ligand_471_receptor.dpf.dlg,559.59,C:/Users/yhalias/Downloads/docking-project-py/Docking/pdqbt_files\ligand_471_receptor.dpf.pdbqt
ligand_472_receptor.dpf.dlg,23.5,C:/Users/yhalias/Downloads/docking-project-py/Docking/pdqbt_files\ligand_472_receptor.dpf.pdbqt
ligand_473_receptor.dpf.dlg,25900000.0,C:/Users/yhalias/Downloads/docking-project-py/Docking/pdqbt_files\ligand_473_receptor.dpf.pdbqt
ligand_474_receptor.dpf.dlg,6360.0,C:/Users/yhalias/Downloads/docking-project-py/Docking/pdqbt_files\ligand_474_receptor.dpf.pdbqt
ligand_475_receptor.dpf.dlg,5420.0,C:/Users/yhalias/Downloads/docking-project-py/Docking/pdqbt_files\ligand_475_receptor.dpf.pdbqt
ligand_477_receptor.dpf.dlg,-4.48,C:/Users/yhalias/Downloads/docking-project-py/Docking/pdqbt_files\ligand_477_receptor.dpf.pdbqt
ligand_478_receptor.dpf.dlg,70500.0,C:/Users/yhalias/Downloads/docking-project-py/Docking/pdqbt_files\ligand_478_receptor.dpf.pdbqt
ligand_479_receptor.dpf.dlg,-12.25,C:/Users/yhalias/Downloads/docking-project-py/Docking/pdqbt_files\ligand_479_receptor.dpf.pdbqt
ligand_47_receptor.dpf.dlg,63.15,C:/Users/yhalias/Downloads/docking-project-py/Docking/pdqbt_files\ligand_47_receptor.dpf.pdbqt
ligand_480_receptor.dpf.dlg,-11.71,C:/Users/yhalias/Downloads/docking-project-py/Docking/pdqbt_files\ligand_480_receptor.dpf.pdbqt
ligand_481_receptor.dpf.dlg,170000.0,C:/Users/yhalias/Downloads/docking-project-py/Docking/pdqbt_files\ligand_481_receptor.dpf.pdbqt
ligand_482_receptor.dpf.dlg,32.87,C:/Users/yhalias/Downloads/docking-project-py/Docking/pdqbt_files\ligand_482_receptor.dpf.pdbqt
ligand_483_receptor.dpf.dlg,37500.0,C:/Users/yhalias/Downloads/docking-project-py/Docking/pdqbt_files\ligand_483_receptor.dpf.pdbqt
ligand_484_receptor.dpf.dlg,27.29,C:/Users/yhalias/Downloads/docking-project-py/Docking/pdqbt_files\ligand_484_receptor.dpf.pdbqt
ligand_485_receptor.dpf.dlg,21400.0,C:/Users/yhalias/Downloads/docking-project-py/Docking/pdqbt_files\ligand_485_receptor.dpf.pdbqt
ligand_486_receptor.dpf.dlg,89.07,C:/Users/yhalias/Downloads/docking-project-py/Docking/pdqbt_files\ligand_486_receptor.dpf.pdbqt
ligand_487_receptor.dpf.dlg,16800.0,C:/Users/yhalias/Downloads/docking-project-py/Docking/pdqbt_files\ligand_487_receptor.dpf.pdbqt
ligand_488_receptor.dpf.dlg,206.14,C:/Users/yhalias/Downloads/docking-project-py/Docking/pdqbt_files\ligand_488_receptor.dpf.pdbqt
ligand_489_receptor.dpf.dlg,4.61,C:/Users/yhalias/Downloads/docking-project-py/Docking/pdqbt_files\ligand_489_receptor.dpf.pdbqt
ligand_48_receptor.dpf.dlg,382000.0,C:/Users/yhalias/Downloads/docking-project-py/Docking/pdqbt_files\ligand_48_receptor.dpf.pdbqt
ligand_491_receptor.dpf.dlg,-6.79,C:/Users/yhalias/Downloads/docking-project-py/Docking/pdqbt_files\ligand_491_receptor.dpf.pdbqt
ligand_493_receptor.dpf.dlg,5650000.0,C:/Users/yhalias/Downloads/docking-project-py/Docking/pdqbt_files\ligand_493_receptor.dpf.pdbqt
ligand_494_receptor.dpf.dlg,5210000.0,C:/Users/yhalias/Downloads/docking-project-py/Docking/pdqbt_files\ligand_494_receptor.dpf.pdbqt
ligand_495_receptor.dpf.dlg,16100.0,C:/Users/yhalias/Downloads/docking-project-py/Docking/pdqbt_files\ligand_495_receptor.dpf.pdbqt
ligand_496_receptor.dpf.dlg,13800000.0,C:/Users/yhalias/Downloads/docking-project-py/Docking/pdqbt_files\ligand_496_receptor.dpf.pdbqt
ligand_497_receptor.dpf.dlg,31.11,C:/Users/yhalias/Downloads/docking-project-py/Docking/pdqbt_files\ligand_497_receptor.dpf.pdbqt
ligand_498_receptor.dpf.dlg,881.65,C:/Users/yhalias/Downloads/docking-project-py/Docking/pdqbt_files\ligand_498_receptor.dpf.pdbqt
ligand_499_receptor.dpf.dlg,316000.0,C:/Users/yhalias/Downloads/docking-project-py/Docking/pdqbt_files\ligand_499_receptor.dpf.pdbqt
ligand_49_receptor.dpf.dlg,307000.0,C:/Users/yhalias/Downloads/docking-project-py/Docking/pdqbt_files\ligand_49_receptor.dpf.pdbqt
ligand_4_receptor.dpf.dlg,56600.0,C:/Users/yhalias/Downloads/docking-project-py/Docking/pdqbt_files\ligand_4_receptor.dpf.pdbqt
ligand_500_receptor.dpf.dlg,860000.0,C:/Users/yhalias/Downloads/docking-project-py/Docking/pdqbt_files\ligand_500_receptor.dpf.pdbqt
ligand_501_receptor.dpf.dlg,8950.0,C:/Users/yhalias/Downloads/docking-project-py/Docking/pdqbt_files\ligand_501_receptor.dpf.pdbqt
ligand_502_receptor.dpf.dlg,53.54,C:/Users/yhalias/Downloads/docking-project-py/Docking/pdqbt_files\ligand_502_receptor.dpf.pdbqt
ligand_503_receptor.dpf.dlg,3420.0,C:/Users/yhalias/Downloads/docking-project-py/Docking/pdqbt_files\ligand_503_receptor.dpf.pdbqt
ligand_504_receptor.dpf.dlg,678000.0,C:/Users/yhalias/Downloads/docking-project-py/Docking/pdqbt_files\ligand_504_receptor.dpf.pdbqt
ligand_505_receptor.dpf.dlg,724000.0,C:/Users/yhalias/Downloads/docking-project-py/Docking/pdqbt_files\ligand_505_receptor.dpf.pdbqt
ligand_506_receptor.dpf.dlg,62.59,C:/Users/yhalias/Downloads/docking-project-py/Docking/pdqbt_files\ligand_506_receptor.dpf.pdbqt
ligand_507_receptor.dpf.dlg,13700000.0,C:/Users/yhalias/Downloads/docking-project-py/Docking/pdqbt_files\ligand_507_receptor.dpf.pdbqt
ligand_508_receptor.dpf.dlg,251.71,C:/Users/yhalias/Downloads/docking-project-py/Docking/pdqbt_files\ligand_508_receptor.dpf.pdbqt
ligand_509_receptor.dpf.dlg,20800.0,C:/Users/yhalias/Downloads/docking-project-py/Docking/pdqbt_files\ligand_509_receptor.dpf.pdbqt
ligand_50_receptor.dpf.dlg,34400.0,C:/Users/yhalias/Downloads/docking-project-py/Docking/pdqbt_files\ligand_50_receptor.dpf.pdbqt
ligand_510_receptor.dpf.dlg,-6.07,C:/Users/yhalias/Downloads/docking-project-py/Docking/pdqbt_files\ligand_510_receptor.dpf.pdbqt
ligand_511_receptor.dpf.dlg,905000.0,C:/Users/yhalias/Downloads/docking-project-py/Docking/pdqbt_files\ligand_511_receptor.dpf.pdbqt
ligand_512_receptor.dpf.dlg,850000.0,C:/Users/yhalias/Downloads/docking-project-py/Docking/pdqbt_files\ligand_512_receptor.dpf.pdbqt
ligand_513_receptor.dpf.dlg,-10.04,C:/Users/yhalias/Downloads/docking-project-py/Docking/pdqbt_files\ligand_513_receptor.dpf.pdbqt
ligand_514_receptor.dpf.dlg,4830000.0,C:/Users/yhalias/Downloads/docking-project-py/Docking/pdqbt_files\ligand_514_receptor.dpf.pdbqt
ligand_515_receptor.dpf.dlg,168000.0,C:/Users/yhalias/Downloads/docking-project-py/Docking/pdqbt_files\ligand_515_receptor.dpf.pdbqt
ligand_516_receptor.dpf.dlg,-11.33,C:/Users/yhalias/Downloads/docking-project-py/Docking/pdqbt_files\ligand_516_receptor.dpf.pdbqt
ligand_517_receptor.dpf.dlg,4260000.0,C:/Users/yhalias/Downloads/docking-project-py/Docking/pdqbt_files\ligand_517_receptor.dpf.pdbqt
ligand_518_receptor.dpf.dlg,-10.94,C:/Users/yhalias/Downloads/docking-project-py/Docking/pdqbt_files\ligand_518_receptor.dpf.pdbqt
ligand_519_receptor.dpf.dlg,3580.0,C:/Users/yhalias/Downloads/docking-project-py/Docking/pdqbt_files\ligand_519_receptor.dpf.pdbqt
ligand_51_receptor.dpf.dlg,12200.0,C:/Users/yhalias/Downloads/docking-project-py/Docking/pdqbt_files\ligand_51_receptor.dpf.pdbqt
ligand_520_receptor.dpf.dlg,189.43,C:/Users/yhalias/Downloads/docking-project-py/Docking/pdqbt_files\ligand_520_receptor.dpf.pdbqt
ligand_521_receptor.dpf.dlg,1720.0,C:/Users/yhalias/Downloads/docking-project-py/Docking/pdqbt_files\ligand_521_receptor.dpf.pdbqt
ligand_522_receptor.dpf.dlg,37.86,C:/Users/yhalias/Downloads/docking-project-py/Docking/pdqbt_files\ligand_522_receptor.dpf.pdbqt
ligand_523_receptor.dpf.dlg,118.4,C:/Users/yhalias/Downloads/docking-project-py/Docking/pdqbt_files\ligand_523_receptor.dpf.pdbqt
ligand_524_receptor.dpf.dlg,214.85,C:/Users/yhalias/Downloads/docking-project-py/Docking/pdqbt_files\ligand_524_receptor.dpf.pdbqt
ligand_525_receptor.dpf.dlg,484.33,C:/Users/yhalias/Downloads/docking-project-py/Docking/pdqbt_files\ligand_525_receptor.dpf.pdbqt
ligand_526_receptor.dpf.dlg,41.66,C:/Users/yhalias/Downloads/docking-project-py/Docking/pdqbt_files\ligand_526_receptor.dpf.pdbqt
ligand_527_receptor.dpf.dlg,1420.0,C:/Users/yhalias/Downloads/docking-project-py/Docking/pdqbt_files\ligand_527_receptor.dpf.pdbqt
ligand_528_receptor.dpf.dlg,1420.0,C:/Users/yhalias/Downloads/docking-project-py/Docking/pdqbt_files\ligand_528_receptor.dpf.pdbqt
ligand_529_receptor.dpf.dlg,22.6,C:/Users/yhalias/Downloads/docking-project-py/Docking/pdqbt_files\ligand_529_receptor.dpf.pdbqt
ligand_52_receptor.dpf.dlg,92900.0,C:/Users/yhalias/Downloads/docking-project-py/Docking/pdqbt_files\ligand_52_receptor.dpf.pdbqt
ligand_530_receptor.dpf.dlg,1990000.0,C:/Users/yhalias/Downloads/docking-project-py/Docking/pdqbt_files\ligand_530_receptor.dpf.pdbqt
ligand_531_receptor.dpf.dlg,30100.0,C:/Users/yhalias/Downloads/docking-project-py/Docking/pdqbt_files\ligand_531_receptor.dpf.pdbqt
ligand_532_receptor.dpf.dlg,-6.87,C:/Users/yhalias/Downloads/docking-project-py/Docking/pdqbt_files\ligand_532_receptor.dpf.pdbqt
ligand_533_receptor.dpf.dlg,9.96,C:/Users/yhalias/Downloads/docking-project-py/Docking/pdqbt_files\ligand_533_receptor.dpf.pdbqt
ligand_534_receptor.dpf.dlg,-11.65,C:/Users/yhalias/Downloads/docking-project-py/Docking/pdqbt_files\ligand_534_receptor.dpf.pdbqt
ligand_535_receptor.dpf.dlg,55.33,C:/Users/yhalias/Downloads/docking-project-py/Docking/pdqbt_files\ligand_535_receptor.dpf.pdbqt
ligand_536_receptor.dpf.dlg,20300000.0,C:/Users/yhalias/Downloads/docking-project-py/Docking/pdqbt_files\ligand_536_receptor.dpf.pdbqt
ligand_537_receptor.dpf.dlg,5610.0,C:/Users/yhalias/Downloads/docking-project-py/Docking/pdqbt_files\ligand_537_receptor.dpf.pdbqt
ligand_538_receptor.dpf.dlg,8350.0,C:/Users/yhalias/Downloads/docking-project-py/Docking/pdqbt_files\ligand_538_receptor.dpf.pdbqt
ligand_539_receptor.dpf.dlg,881000.0,C:/Users/yhalias/Downloads/docking-project-py/Docking/pdqbt_files\ligand_539_receptor.dpf.pdbqt
ligand_53_receptor.dpf.dlg,99000.0,C:/Users/yhalias/Downloads/docking-project-py/Docking/pdqbt_files\ligand_53_receptor.dpf.pdbqt
ligand_540_receptor.dpf.dlg,154.56,C:/Users/yhalias/Downloads/docking-project-py/Docking/pdqbt_files\ligand_540_receptor.dpf.pdbqt
ligand_541_receptor.dpf.dlg,-10.33,C:/Users/yhalias/Downloads/docking-project-py/Docking/pdqbt_files\ligand_541_receptor.dpf.pdbqt
ligand_54_receptor.dpf.dlg,3040000.0,C:/Users/yhalias/Downloads/docking-project-py/Docking/pdqbt_files\ligand_54_receptor.dpf.pdbqt
ligand_55_receptor.dpf.dlg,55.95,C:/Users/yhalias/Downloads/docking-project-py/Docking/pdqbt_files\ligand_55_receptor.dpf.pdbqt
ligand_56_receptor.dpf.dlg,-9.63,C:/Users/yhalias/Downloads/docking-project-py/Docking/pdqbt_files\ligand_56_receptor.dpf.pdbqt
ligand_57_receptor.dpf.dlg,-12.93,C:/Users/yhalias/Downloads/docking-project-py/Docking/pdqbt_files\ligand_57_receptor.dpf.pdbqt
ligand_58_receptor.dpf.dlg,65600.0,C:/Users/yhalias/Downloads/docking-project-py/Docking/pdqbt_files\ligand_58_receptor.dpf.pdbqt
ligand_59_receptor.dpf.dlg,204.72,C:/Users/yhalias/Downloads/docking-project-py/Docking/pdqbt_files\ligand_59_receptor.dpf.pdbqt
ligand_5_receptor.dpf.dlg,9460.0,C:/Users/yhalias/Downloads/docking-project-py/Docking/pdqbt_files\ligand_5_receptor.dpf.pdbqt
ligand_60_receptor.dpf.dlg,1240.0,C:/Users/yhalias/Downloads/docking-project-py/Docking/pdqbt_files\ligand_60_receptor.dpf.pdbqt
ligand_61_receptor.dpf.dlg,1430.0,C:/Users/yhalias/Downloads/docking-project-py/Docking/pdqbt_files\ligand_61_receptor.dpf.pdbqt
ligand_62_receptor.dpf.dlg,15.48,C:/Users/yhalias/Downloads/docking-project-py/Docking/pdqbt_files\ligand_62_receptor.dpf.pdbqt
ligand_63_receptor.dpf.dlg,-6.26,C:/Users/yhalias/Downloads/docking-project-py/Docking/pdqbt_files\ligand_63_receptor.dpf.pdbqt
ligand_64_receptor.dpf.dlg,28700.0,C:/Users/yhalias/Downloads/docking-project-py/Docking/pdqbt_files\ligand_64_receptor.dpf.pdbqt
ligand_65_receptor.dpf.dlg,89.15,C:/Users/yhalias/Downloads/docking-project-py/Docking/pdqbt_files\ligand_65_receptor.dpf.pdbqt
ligand_66_receptor.dpf.dlg,24.86,C:/Users/yhalias/Downloads/docking-project-py/Docking/pdqbt_files\ligand_66_receptor.dpf.pdbqt
ligand_67_receptor.dpf.dlg,9420.0,C:/Users/yhalias/Downloads/docking-project-py/Docking/pdqbt_files\ligand_67_receptor.dpf.pdbqt
ligand_68_receptor.dpf.dlg,11500000.0,C:/Users/yhalias/Downloads/docking-project-py/Docking/pdqbt_files\ligand_68_receptor.dpf.pdbqt
ligand_69_receptor.dpf.dlg,1740.0,C:/Users/yhalias/Downloads/docking-project-py/Docking/pdqbt_files\ligand_69_receptor.dpf.pdbqt
ligand_6_receptor.dpf.dlg,1730.0,C:/Users/yhalias/Downloads/docking-project-py/Docking/pdqbt_files\ligand_6_receptor.dpf.pdbqt
ligand_70_receptor.dpf.dlg,5310.0,C:/Users/yhalias/Downloads/docking-project-py/Docking/pdqbt_files\ligand_70_receptor.dpf.pdbqt
ligand_71_receptor.dpf.dlg,6970000.0,C:/Users/yhalias/Downloads/docking-project-py/Docking/pdqbt_files\ligand_71_receptor.dpf.pdbqt
ligand_72_receptor.dpf.dlg,-11.25,C:/Users/yhalias/Downloads/docking-project-py/Docking/pdqbt_files\ligand_72_receptor.dpf.pdbqt
ligand_73_receptor.dpf.dlg,598.22,C:/Users/yhalias/Downloads/docking-project-py/Docking/pdqbt_files\ligand_73_receptor.dpf.pdbqt
ligand_74_receptor.dpf.dlg,446.64,C:/Users/yhalias/Downloads/docking-project-py/Docking/pdqbt_files\ligand_74_receptor.dpf.pdbqt
ligand_75_receptor.dpf.dlg,478000.0,C:/Users/yhalias/Downloads/docking-project-py/Docking/pdqbt_files\ligand_75_receptor.dpf.pdbqt
ligand_76_receptor.dpf.dlg,80400.0,C:/Users/yhalias/Downloads/docking-project-py/Docking/pdqbt_files\ligand_76_receptor.dpf.pdbqt
ligand_77_receptor.dpf.dlg,16300.0,C:/Users/yhalias/Downloads/docking-project-py/Docking/pdqbt_files\ligand_77_receptor.dpf.pdbqt
ligand_78_receptor.dpf.dlg,433000.0,C:/Users/yhalias/Downloads/docking-project-py/Docking/pdqbt_files\ligand_78_receptor.dpf.pdbqt
ligand_79_receptor.dpf.dlg,2.93,C:/Users/yhalias/Downloads/docking-project-py/Docking/pdqbt_files\ligand_79_receptor.dpf.pdbqt
ligand_7_receptor.dpf.dlg,24800.0,C:/Users/yhalias/Downloads/docking-project-py/Docking/pdqbt_files\ligand_7_receptor.dpf.pdbqt
ligand_80_receptor.dpf.dlg,-12.94,C:/Users/yhalias/Downloads/docking-project-py/Docking/pdqbt_files\ligand_80_receptor.dpf.pdbqt
ligand_81_receptor.dpf.dlg,-12.52,C:/Users/yhalias/Downloads/docking-project-py/Docking/pdqbt_files\ligand_81_receptor.dpf.pdbqt
ligand_82_receptor.dpf.dlg,2000.0,C:/Users/yhalias/Downloads/docking-project-py/Docking/pdqbt_files\ligand_82_receptor.dpf.pdbqt
ligand_83_receptor.dpf.dlg,236.33,C:/Users/yhalias/Downloads/docking-project-py/Docking/pdqbt_files\ligand_83_receptor.dpf.pdbqt
ligand_84_receptor.dpf.dlg,55800.0,C:/Users/yhalias/Downloads/docking-project-py/Docking/pdqbt_files\ligand_84_receptor.dpf.pdbqt
ligand_85_receptor.dpf.dlg,-0.34,C:/Users/yhalias/Downloads/docking-project-py/Docking/pdqbt_files\ligand_85_receptor.dpf.pdbqt
ligand_86_receptor.dpf.dlg,1210000.0,C:/Users/yhalias/Downloads/docking-project-py/Docking/pdqbt_files\ligand_86_receptor.dpf.pdbqt
ligand_87_receptor.dpf.dlg,1220000.0,C:/Users/yhalias/Downloads/docking-project-py/Docking/pdqbt_files\ligand_87_receptor.dpf.pdbqt
ligand_89_receptor.dpf.dlg,108.42,C:/Users/yhalias/Downloads/docking-project-py/Docking/pdqbt_files\ligand_89_receptor.dpf.pdbqt
ligand_8_receptor.dpf.dlg,11800.0,C:/Users/yhalias/Downloads/docking-project-py/Docking/pdqbt_files\ligand_8_receptor.dpf.pdbqt
ligand_91_receptor.dpf.dlg,-13.8,C:/Users/yhalias/Downloads/docking-project-py/Docking/pdqbt_files\ligand_91_receptor.dpf.pdbqt
ligand_92_receptor.dpf.dlg,645.52,C:/Users/yhalias/Downloads/docking-project-py/Docking/pdqbt_files\ligand_92_receptor.dpf.pdbqt
ligand_93_receptor.dpf.dlg,2870.0,C:/Users/yhalias/Downloads/docking-project-py/Docking/pdqbt_files\ligand_93_receptor.dpf.pdbqt
ligand_94_receptor.dpf.dlg,6470.0,C:/Users/yhalias/Downloads/docking-project-py/Docking/pdqbt_files\ligand_94_receptor.dpf.pdbqt
ligand_95_receptor.dpf.dlg,-8.46,C:/Users/yhalias/Downloads/docking-project-py/Docking/pdqbt_files\ligand_95_receptor.dpf.pdbqt
ligand_96_receptor.dpf.dlg,2700.0,C:/Users/yhalias/Downloads/docking-project-py/Docking/pdqbt_files\ligand_96_receptor.dpf.pdbqt
ligand_97_receptor.dpf.dlg,21800.0,C:/Users/yhalias/Downloads/docking-project-py/Docking/pdqbt_files\ligand_97_receptor.dpf.pdbqt
ligand_98_receptor.dpf.dlg,15100.0,C:/Users/yhalias/Downloads/docking-project-py/Docking/pdqbt_files\ligand_98_receptor.dpf.pdbqt
ligand_99_receptor.dpf.dlg,-8.41,C:/Users/yhalias/Downloads/docking-project-py/Docking/pdqbt_files\ligand_99_receptor.dpf.pdbqt
ligand_9_receptor.dpf.dlg,32100.0,C:/Users/yhalias/Downloads/docking-project-py/Docking/pdqbt_files\ligand_9_receptor.dpf.pdbqt
